{
  "project_info": {
    "project_number": "5253349353",
    "firebase_url": "https://itp341-final-1512330353109.firebaseio.com/",
    "project_id": "itp341-final-1512330353109",
    "storage_bucket": "itp341-final-1512330353109.appspot.com"
  },
  "client": [
    {
      "client_info": {
        "mobilesdk_app_id": "1:5253349353:android:56abe0d58a1c0613",
        "android_client_info": {
          "package_name": "itp341.lueth.william.final_project"
        }
      },
      "oauth_client": [
        {
          "client_id": "5253349353-3r8gqpab0t7b3u5ga7pcg07p3cc7d1lu.apps.googleusercontent.com",
          "client_type": 1,
          "android_info": {
            "package_name": "itp341.lueth.william.final_project",
            "certificate_hash": "5ce91fd1a3763e2992df042f65328b7d0e11fe88"
          }
        },
        {
          "client_id": "5253349353-73ssuuvjr4uf6c232pkgl19do5rgmru8.apps.googleusercontent.com",
          "client_type": 3
        },
        {
          "client_id": "5253349353-5lc0scsrdud8v4atmdidh2flaao5bf4m.apps.googleusercontent.com",
          "client_type": 3
        }
      ],
      "api_key": [
        {
          "current_key": "AIzaSyB3LGS9WltiUQ_QEOT0ZJ8iXQf36cJoQnc"
        }
      ],
      "services": {
        "analytics_service": {
          "status": 1
        },
        "appinvite_service": {
          "status": 2,
          "other_platform_oauth_client": [
            {
              "client_id": "5253349353-73ssuuvjr4uf6c232pkgl19do5rgmru8.apps.googleusercontent.com",
              "client_type": 3
            }
          ]
        },
        "ads_service": {
          "status": 2
        }
      }
    }
  ],
  "configuration_version": "1"
}